wikidata.org id,label,description,language
Q2451936,No Boundaries,2009 single by Kris Allen,en
Q1757890,No Boundaries,album by Alexander Rybak,en
Q4808077,No Boundaries,2004 studio album by Sertab Erener,en
Q532502,No Boundaries,Wikimedia disambiguation page,en
Q16958184,No Boundaries,album by Ladysmith Black Mambazo,en
Q11792589,No Boundaries,album by Michael Angelo Batio,en
Q17039050,No Boundaries,album by Natalie MacMaster,en
Q487994,antithesis,something that is the opposite of something else,en
Q2853407,Antithesis,album by Origin,en
Q3618798,Antithesis,Wikimedia disambiguation page,en
Q583968,Antithesis,album by Secrets of the Moon,en
Q10956519,antithesis,,en
Q2429037,antithesis,"in dialectics, juxtaposition of contrasting ideas, usually in a balanced way",en
Q4775333,Antithesis,album by Gypsy,en
Q862054,1972 Nixon visit to China,"official United States visit to the People's Republic of China, leading to establishment of diplomatic relations",en
Q1146706,Nixon in China,opera by John Adams,en
Q875926,Nixon goes to China,political metaphor referring to Richard Nixon's 1972 visit to China,en
Q7042013,Nixon in China,Wikimedia disambiguation page,en
Q104872476,Sandpaper Ballet,ballet by Mark Morris,en
